{"count":1,"self":12.7673768,"total":70.1197626,"children":{"InitializeActuators":{"count":1,"self":0.0010008999999999999,"total":0.0010008999999999999,"children":null},"InitializeSensors":{"count":1,"self":0.0009975,"total":0.0009975,"children":null},"AgentSendState":{"count":54934,"self":0.079253999999999991,"total":2.0418532,"children":{"CollectObservations":{"count":10987,"self":0.08382619999999999,"total":0.08382619999999999,"children":null},"WriteActionMask":{"count":10987,"self":0.0055071999999999994,"total":0.0055071999999999994,"children":null},"RequestDecision":{"count":10987,"self":0.0314879,"total":1.8732658,"children":{"AgentInfo.ToProto":{"count":10987,"self":0.0328187,"total":1.8417778999999999,"children":{"GenerateSensorData":{"count":10987,"self":1.8089591999999999,"total":1.8089591999999999,"children":null}}}}}}},"DecideAction":{"count":54934,"self":55.256723199999996,"total":55.2567259,"children":null},"AgentAct":{"count":54934,"self":0.047806999999999995,"total":0.047806999999999995,"children":null},"AgentInfo.ToProto":{"count":19,"self":0.0010012,"total":0.0029999,"children":{"GenerateSensorData":{"count":19,"self":0.0019987,"total":0.0019987,"children":null}}}},"gauges":{"CarParking.CumulativeReward":{"count":19,"max":-0.4,"min":-0.9,"runningAverage":-0.478947371,"value":-0.4,"weightedAverage":-0.4241921}},"metadata":{"timer_format_version":"0.1.0","start_time_seconds":"1730495277","unity_version":"6000.0.23f1","command_line_arguments":"C:\\Program Files\\Unity\\Hub\\Editor\\6000.0.23f1\\Editor\\Unity.exe -projectpath D:\\my_game\\game_test -useHub -hubIPC -cloudEnvironment production","communication_protocol_version":"1.5.0","com.unity.ml-agents_version":"3.0.0","scene_name":"CARPARK","end_time_seconds":"1730495347"}}