{"count":1,"self":1960.4836352,"total":10380.9515901,"children":{"InitializeActuators":{"count":48,"self":0.0015378,"total":0.0015378,"children":null},"InitializeSensors":{"count":48,"self":0.002002,"total":0.002002,"children":null},"AgentSendState":{"count":1979068,"self":726.74319359999993,"total":915.497528,"children":{"CollectObservations":{"count":18999072,"self":27.419088,"total":27.419087299999997,"children":null},"WriteActionMask":{"count":18999072,"self":7.9782167999999993,"total":7.9782164999999994,"children":null},"RequestDecision":{"count":18999072,"self":24.7669376,"total":153.35703719999998,"children":{"AgentInfo.ToProto":{"count":18999072,"self":20.7109664,"total":128.59010039999998,"children":{"GenerateSensorData":{"count":18999072,"self":80.5763264,"total":107.8791346,"children":{"RayPerceptionSensor.Perceive":{"count":18999072,"self":27.3028096,"total":27.3028101,"children":null}}}}}}}}},"DecideAction":{"count":1979068,"self":7450.8468224,"total":7450.8468886,"children":null},"AgentAct":{"count":1979068,"self":54.0974912,"total":54.0974898,"children":null},"AgentInfo.ToProto":{"count":1426,"self":0.009002099999999999,"total":0.0225036,"children":{"GenerateSensorData":{"count":1426,"self":0.011512999999999999,"total":0.0135015,"children":{"RayPerceptionSensor.Perceive":{"count":1426,"self":0.0019885,"total":0.0019885,"children":null}}}}}},"gauges":{"Racing.CumulativeReward":{"count":1426,"max":276.225464,"min":-7.54345846,"runningAverage":28.786932,"value":23.86834,"weightedAverage":19.2440166}},"metadata":{"timer_format_version":"0.1.0","start_time_seconds":"1747579737","unity_version":"6000.0.23f1","command_line_arguments":"C:\\Program Files\\Unity\\Hub\\Editor\\6000.0.23f1\\Editor\\Unity.exe -projectpath D:\\my_game\\Unity-Racing-Game -useHub -hubIPC -cloudEnvironment production","communication_protocol_version":"1.5.0","com.unity.ml-agents_version":"3.0.0","scene_name":"playScene","end_time_seconds":"1747590117"}}