{"count":1,"self":375.80608,"total":2272.0743261,"children":{"InitializeActuators":{"count":40,"self":0.002002,"total":0.002002,"children":null},"InitializeSensors":{"count":40,"self":0.0030028999999999998,"total":0.0030028999999999998,"children":null},"AgentSendState":{"count":557984,"self":167.4513536,"total":210.38607019999998,"children":{"CollectObservations":{"count":4463880,"self":6.1291424,"total":6.1291423,"children":null},"WriteActionMask":{"count":4463880,"self":1.6939764,"total":1.6939762999999999,"children":null},"RequestDecision":{"count":4463880,"self":5.8024628,"total":35.111603099999996,"children":{"AgentInfo.ToProto":{"count":4463880,"self":4.6683607999999994,"total":29.309140199999998,"children":{"GenerateSensorData":{"count":4463880,"self":18.3946592,"total":24.6407793,"children":{"RayPerceptionSensor.Perceive":{"count":4463880,"self":6.2461196,"total":6.2461195,"children":null}}}}}}}}},"DecideAction":{"count":557984,"self":1674.32704,"total":1674.3270845,"children":null},"AgentAct":{"count":557984,"self":11.5400768,"total":11.5400764,"children":null},"AgentInfo.ToProto":{"count":411,"self":0.0020007,"total":0.010008399999999999,"children":{"GenerateSensorData":{"count":411,"self":0.0070068,"total":0.0080077,"children":{"RayPerceptionSensor.Perceive":{"count":411,"self":0.0010008999999999999,"total":0.0010008999999999999,"children":null}}}}}},"gauges":{"Racing.CumulativeReward":{"count":411,"max":584.831543,"min":-4.270357,"runningAverage":80.165535,"value":30.4039116,"weightedAverage":87.57545}},"metadata":{"timer_format_version":"0.1.0","start_time_seconds":"1747425496","unity_version":"6000.0.23f1","command_line_arguments":"C:\\Program Files\\Unity\\Hub\\Editor\\6000.0.23f1\\Editor\\Unity.exe -projectpath D:\\my_game\\Unity-Racing-Game -useHub -hubIPC -cloudEnvironment production","communication_protocol_version":"1.5.0","com.unity.ml-agents_version":"3.0.0","scene_name":"playScene","end_time_seconds":"1747427768"}}