{"count":1,"self":1680.9116672,"total":13763.6237798,"children":{"InitializeActuators":{"count":72,"self":0.0020017,"total":0.0020017,"children":null},"InitializeSensors":{"count":72,"self":0.0025085999999999997,"total":0.0025085999999999997,"children":null},"AgentSendState":{"count":1010301,"self":807.5429376,"total":1036.0726567,"children":{"CollectObservations":{"count":24247272,"self":32.8766816,"total":32.8766825,"children":null},"WriteActionMask":{"count":24247272,"self":10.5406848,"total":10.5406848,"children":null},"RequestDecision":{"count":24247272,"self":33.1533344,"total":185.1123735,"children":{"AgentInfo.ToProto":{"count":24247272,"self":27.055647999999998,"total":151.95903769999998,"children":{"GenerateSensorData":{"count":24247272,"self":97.4850944,"total":124.9033899,"children":{"RayPerceptionSensor.Perceive":{"count":24247272,"self":27.4182976,"total":27.4182962,"children":null}}}}}}}}},"DecideAction":{"count":1010301,"self":11022.0320768,"total":11022.0319146,"children":null},"AgentAct":{"count":1010301,"self":24.412691199999998,"total":24.412691,"children":null},"AgentInfo.ToProto":{"count":15774,"self":0.048378199999999996,"total":0.18931489999999998,"children":{"GenerateSensorData":{"count":15774,"self":0.1183424,"total":0.1409367,"children":{"RayPerceptionSensor.Perceive":{"count":15774,"self":0.022594299999999998,"total":0.022594299999999998,"children":null}}}}}},"gauges":{"Racing.CumulativeReward":{"count":15774,"max":318.510254,"min":-8.299998,"runningAverage":16.2414436,"value":9.299999,"weightedAverage":8.602806}},"metadata":{"timer_format_version":"0.1.0","start_time_seconds":"1746954478","unity_version":"6000.0.23f1","command_line_arguments":"C:\\Program Files\\Unity\\Hub\\Editor\\6000.0.23f1\\Editor\\Unity.exe -projectpath D:\\my_game\\Unity-Racing-Game -useHub -hubIPC -cloudEnvironment production","communication_protocol_version":"1.5.0","com.unity.ml-agents_version":"3.0.0","scene_name":"playScene","end_time_seconds":"1746968241"}}